t	x	y	z	vx	vy	vz	xstart	ystart	zstart	roihinit	roiwinit	roixinit	roiyinit	imgw	imgh	fov	goaldiv	t0	t1	t2	t3	tlanded	nreinits	phistart	thetastart	psistart
39.915337	-0.333578	-0.315010	2.256716	0.002074	0.001275	-0.016096
39.949532	-0.333506	-0.314963	2.256204	0.002026	0.001361	-0.011969
39.981770	-0.333439	-0.314917	2.255865	0.002098	0.001438	-0.010099
40.014011	-0.333364	-0.314868	2.255429	0.002439	0.001522	-0.017990
40.047230	-0.333270	-0.314814	2.254642	0.003149	0.001666	-0.026680
40.080448	-0.333145	-0.314753	2.253649	0.004196	0.001929	-0.031310
40.112690	-0.332986	-0.314683	2.252616	0.005459	0.002351	-0.029545
40.144932	-0.332781	-0.314595	2.251814	0.006910	0.002987	-0.017456
40.178146	-0.332517	-0.314478	2.251610	0.008646	0.003929	0.006764
40.210388	-0.332203	-0.314330	2.252258	0.010340	0.005019	0.030335
40.244583	-0.331806	-0.314130	2.253757	0.012261	0.006388	0.055896
40.277802	-0.331354	-0.313887	2.256083	0.014260	0.007884	0.078522
40.309067	-0.330865	-0.313610	2.258813	0.016217	0.009377	0.089642
40.343262	-0.330256	-0.313250	2.262129	0.018513	0.011142	0.100558
40.376480	-0.329585	-0.312839	2.265725	0.020886	0.012969	0.108831
40.407742	-0.328878	-0.312395	2.269208	0.023183	0.014725	0.106758
40.440960	-0.328046	-0.311861	2.272632	0.025666	0.016604	0.092816
40.473202	-0.327155	-0.311280	2.275432	0.028218	0.018494	0.078531
40.505444	-0.326177	-0.310636	2.277792	0.030906	0.020436	0.063523
40.538662	-0.325075	-0.309905	2.279683	0.033837	0.022505	0.049512
40.571880	-0.323870	-0.309102	2.281137	0.036892	0.024635	0.034966
40.603142	-0.322641	-0.308279	2.281914	0.039757	0.026635	0.012400
40.636360	-0.321233	-0.307335	2.281880	0.042879	0.028846	-0.012294
40.668602	-0.319762	-0.306343	2.281197	0.046119	0.031175	-0.026621
40.700844	-0.318182	-0.305272	2.280114	0.049454	0.033587	-0.039706
40.734062	-0.316438	-0.304084	2.278529	0.052998	0.036144	-0.051572
40.766300	-0.314625	-0.302846	2.276764	0.056677	0.038779	-0.053267
40.798542	-0.312686	-0.301518	2.275140	0.060624	0.041573	-0.043339
40.831760	-0.310548	-0.300050	2.274011	0.064962	0.044601	-0.021569
40.864002	-0.308329	-0.298527	2.273692	0.069244	0.047561	0.000163
40.896244	-0.305968	-0.296905	2.274056	0.073586	0.050549	0.022405
40.930439	-0.303304	-0.295075	2.275400	0.078408	0.053869	0.055332
40.965611	-0.300386	-0.293069	2.278033	0.083375	0.057303	0.088136
40.996876	-0.297642	-0.291183	2.281327	0.087805	0.060393	0.117927
41.031071	-0.294479	-0.289006	2.286044	0.092604	0.063771	0.148970
41.063309	-0.291346	-0.286847	2.291327	0.096903	0.066815	0.168183
41.095551	-0.288076	-0.284591	2.297036	0.100917	0.069674	0.175212
41.129745	-0.284469	-0.282098	2.303121	0.104858	0.072506	0.170074
41.161987	-0.280946	-0.279661	2.308488	0.108260	0.074982	0.153348
41.193253	-0.277428	-0.277222	2.312987	0.111275	0.077199	0.126527
41.226467	-0.273586	-0.274554	2.316756	0.114408	0.079509	0.097187
41.258709	-0.269752	-0.271888	2.319614	0.117635	0.081869	0.078435
41.290951	-0.265808	-0.269141	2.322056	0.121127	0.084391	0.071701
41.324169	-0.261621	-0.266223	2.324421	0.124774	0.086991	0.066151
41.358364	-0.257182	-0.263127	2.326638	0.128591	0.089678	0.062152
41.390606	-0.252872	-0.260122	2.328634	0.132169	0.092179	0.057397
41.422848	-0.248449	-0.257037	2.330320	0.135489	0.094501	0.043237
41.456062	-0.243783	-0.253782	2.331368	0.138557	0.096665	0.017117
41.488304	-0.239157	-0.250554	2.331479	0.141443	0.098723	-0.008205
41.521523	-0.234292	-0.247157	2.330759	0.144307	0.100788	-0.034668
41.554741	-0.229332	-0.243692	2.329118	0.147122	0.102828	-0.059386
41.589912	-0.223976	-0.239947	2.326515	0.150017	0.104926	-0.085803
41.622154	-0.218976	-0.236449	2.323273	0.152661	0.106836	-0.108131
41.653419	-0.214041	-0.232994	2.319594	0.155437	0.108828	-0.119328
41.688591	-0.208381	-0.229031	2.315104	0.158538	0.111042	-0.130765
41.719852	-0.203261	-0.225444	2.310635	0.161028	0.112820	-0.149509
41.753071	-0.197739	-0.221575	2.305034	0.163322	0.114466	-0.180667
41.786289	-0.192146	-0.217654	2.298177	0.165241	0.115863	-0.222960
41.820484	-0.186328	-0.213572	2.289409	0.166812	0.117038	-0.277927
41.826347	-0.185325	-0.212869	2.287704	0.167051	0.117221	-0.288047
41.863472	-0.178939	-0.208386	2.275631	0.168702	0.118495	-0.343306
41.894737	-0.173513	-0.204573	2.263886	0.170003	0.119514	-0.389914
41.926979	-0.167875	-0.200608	2.250179	0.171309	0.120532	-0.437080
41.961174	-0.161845	-0.196363	2.234135	0.172934	0.121768	-0.475464
41.995369	-0.155753	-0.192072	2.216982	0.174843	0.123188	-0.500593
42.028587	-0.149765	-0.187852	2.199714	0.176995	0.124756	-0.511568
42.059849	-0.144061	-0.183831	2.183231	0.179088	0.126259	-0.517718
42.093067	-0.137926	-0.179506	2.165547	0.181367	0.127889	-0.519856
42.126286	-0.131711	-0.175123	2.147968	0.183830	0.129660	-0.511419
42.160480	-0.125222	-0.170545	2.130389	0.186569	0.131646	-0.490519
42.193699	-0.118823	-0.166029	2.114216	0.189409	0.133710	-0.458777
42.224964	-0.112710	-0.161712	2.100157	0.192234	0.135760	-0.418451
42.258183	-0.106113	-0.157052	2.086824	0.195372	0.138031	-0.364710
42.292377	-0.099208	-0.152173	2.075206	0.198708	0.140450	-0.298459
42.326572	-0.092185	-0.147207	2.066110	0.202139	0.142943	-0.221117
42.359791	-0.085249	-0.142302	2.059908	0.205267	0.145226	-0.147339
42.392029	-0.078423	-0.137471	2.056098	0.207851	0.147128	-0.087447
42.429157	-0.070465	-0.131835	2.054042	0.210515	0.149121	-0.021344
42.460419	-0.063685	-0.127031	2.054375	0.212712	0.150791	0.041812
42.492661	-0.056622	-0.122023	2.056878	0.214775	0.152380	0.106340
42.526855	-0.049062	-0.116656	2.061808	0.216762	0.153925	0.174255
42.558121	-0.042091	-0.111704	2.068390	0.218351	0.155171	0.233193
42.591339	-0.034637	-0.106404	2.077250	0.219615	0.156191	0.283760
42.623581	-0.027367	-0.101232	2.087279	0.220398	0.156871	0.320081
42.655819	-0.020080	-0.096043	2.098294	0.220749	0.157252	0.343943
42.692947	-0.011684	-0.090059	2.111664	0.220629	0.157325	0.356138
42.724209	-0.004624	-0.085022	2.123078	0.220117	0.157102	0.354457
42.760361	0.003510	-0.079214	2.135945	0.219076	0.156536	0.338495
42.792599	0.010726	-0.074055	2.146727	0.217798	0.155789	0.313004
42.823864	0.017678	-0.069080	2.156192	0.216266	0.154847	0.277284
42.857082	0.025006	-0.063830	2.164803	0.214371	0.153627	0.228319
42.892254	0.032690	-0.058321	2.171893	0.212114	0.152112	0.164975
42.924496	0.039659	-0.053323	2.176211	0.209839	0.150536	0.096733
42.955757	0.046341	-0.048529	2.178091	0.207443	0.148847	0.021364
42.988976	0.053354	-0.043496	2.177275	0.204691	0.146892	-0.068336
43.023170	0.060473	-0.038387	2.173217	0.201816	0.144846	-0.158866
43.055412	0.067095	-0.033634	2.166688	0.199223	0.142985	-0.231850
43.087654	0.073632	-0.028944	2.157858	0.196623	0.140979	-0.301569
43.120872	0.080277	-0.024187	2.146369	0.193946	0.138607	-0.369764
43.154091	0.086832	-0.019515	2.132765	0.191388	0.135949	-0.425740
43.185352	0.092925	-0.015205	2.118430	0.189112	0.133246	-0.465886
43.220528	0.099695	-0.010462	2.101028	0.186696	0.130092	-0.496600
43.252766	0.105826	-0.006213	2.084325	0.184588	0.127209	-0.512024
43.285007	0.111888	-0.002059	2.067320	0.182559	0.124400	-0.515353
43.318226	0.118066	0.002125	2.049904	0.180518	0.121606	-0.506283
43.350468	0.123995	0.006097	2.033493	0.178546	0.118984	-0.485953
43.387592	0.130742	0.010566	2.015679	0.176253	0.116064	-0.449314
43.418858	0.136355	0.014244	2.001939	0.174276	0.113668	-0.407935
43.451099	0.142077	0.017957	1.989343	0.172181	0.111233	-0.354477
43.484318	0.147898	0.021699	1.978401	0.169946	0.108726	-0.288661
43.516556	0.153473	0.025249	1.970092	0.167684	0.106254	-0.214935
43.548798	0.158973	0.028716	1.964376	0.165309	0.103713	-0.131976
43.584946	0.165042	0.032501	1.961432	0.162493	0.100753	-0.028046
43.617188	0.170365	0.035782	1.962204	0.159820	0.097989	0.073461
43.649429	0.175596	0.038971	1.966362	0.156945	0.095113	0.173533
43.681671	0.180728	0.042062	1.973637	0.153828	0.092161	0.261887
43.713909	0.185753	0.045056	1.983593	0.150469	0.089175	0.336255
43.746151	0.190663	0.047951	1.995775	0.146881	0.086184	0.397084
43.782303	0.196022	0.051079	2.011524	0.142613	0.082855	0.449258
43.813564	0.200527	0.053686	2.026487	0.138745	0.080003	0.481701
43.845806	0.205040	0.056279	2.042785	0.134612	0.077083	0.502255
43.880001	0.209675	0.058924	2.060570	0.130109	0.074003	0.510480
43.912243	0.213900	0.061319	2.077398	0.125783	0.071099	0.506400
43.943504	0.217859	0.063550	2.093396	0.121542	0.068277	0.491007
43.976723	0.221916	0.065821	2.109650	0.117011	0.065276	0.463024
44.008965	0.225706	0.067928	2.124329	0.112606	0.062373	0.425043
44.041206	0.229351	0.069940	2.137579	0.108214	0.059497	0.376760
44.076378	0.233162	0.072026	2.150073	0.103422	0.056388	0.317953
44.111549	0.236800	0.074001	2.160366	0.098628	0.053320	0.253778
44.142815	0.239889	0.075665	2.167458	0.094387	0.050645	0.189689
44.175056	0.242933	0.077291	2.172592	0.090006	0.047900	0.124410
44.208275	0.245917	0.078872	2.175675	0.085493	0.045083	0.057860
44.241489	0.248748	0.080357	2.176395	0.081040	0.042318	-0.014733
44.272755	0.251275	0.081670	2.174793	0.076856	0.039726	-0.081866
44.306950	0.253885	0.083010	2.170750	0.072215	0.036850	-0.145082
44.341145	0.256330	0.084249	2.164708	0.067489	0.033911	-0.196280
44.376316	0.258670	0.085414	2.156848	0.062533	0.030814	-0.236668
44.407581	0.260600	0.086354	2.148816	0.058040	0.027995	-0.262236
44.439823	0.262437	0.087229	2.139851	0.053311	0.025029	-0.278316
44.474018	0.264212	0.088048	2.129956	0.048184	0.021827	-0.284522
44.506256	0.265720	0.088717	2.120591	0.043241	0.018754	-0.280939
44.538498	0.267063	0.089284	2.111463	0.038226	0.015650	-0.271516
44.571716	0.268273	0.089760	2.102467	0.032973	0.012421	-0.256160
44.603958	0.269273	0.090116	2.094372	0.027742	0.009234	-0.233072
44.636200	0.270099	0.090366	2.087191	0.022370	0.005986	-0.201226
44.669418	0.270761	0.090510	2.081040	0.016702	0.002574	-0.159911
44.706543	0.271270	0.090532	2.076018	0.010208	-0.001316	-0.103884
44.738785	0.271511	0.090432	2.073419	0.004572	-0.004671	-0.056404
44.772003	0.271565	0.090213	2.072322	-0.001231	-0.008103	-0.008645
44.805222	0.271420	0.089875	2.072954	-0.007159	-0.011632	0.045535
44.836483	0.271098	0.089448	2.075257	-0.012718	-0.014891	0.095391
44.871655	0.270527	0.088845	2.079580	-0.018812	-0.018448	0.141344
44.906830	0.269739	0.088117	2.085343	-0.024718	-0.021854	0.175521
44.938091	0.268863	0.087369	2.091327	-0.029805	-0.024732	0.195684
44.973263	0.267686	0.086420	2.098621	-0.035327	-0.027786	0.206962
45.005505	0.266435	0.085457	2.105494	-0.040185	-0.030425	0.207452
45.036770	0.265073	0.084442	2.112025	-0.044701	-0.032846	0.198988
45.069988	0.263471	0.083281	2.118504	-0.049289	-0.035281	0.180646
45.075848	0.263172	0.083068	2.119575	-0.050079	-0.035698	0.176635
45.109066	0.261391	0.081813	2.125108	-0.054427	-0.037983	0.148391
45.141308	0.259524	0.080522	2.129455	-0.058466	-0.040101	0.114415
45.174526	0.257464	0.079120	2.132612	-0.062391	-0.042164	0.070882
45.206768	0.255340	0.077694	2.134226	-0.066151	-0.044151	0.029329
45.239986	0.253019	0.076154	2.134599	-0.070137	-0.046273	-0.004616
45.272224	0.250634	0.074590	2.134025	-0.074139	-0.048413	-0.027602
45.307400	0.247882	0.072802	2.132614	-0.078453	-0.050719	-0.051002
45.338661	0.245306	0.071144	2.130654	-0.082261	-0.052751	-0.069517
45.373833	0.242261	0.069200	2.127912	-0.086675	-0.055104	-0.080585
45.406075	0.239327	0.067342	2.125211	-0.090856	-0.057331	-0.081204
45.438316	0.236255	0.065410	2.122555	-0.094998	-0.059531	-0.080629
45.471535	0.232948	0.063345	2.119823	-0.099236	-0.061766	-0.078845
45.502796	0.229704	0.061333	2.117327	-0.103157	-0.063809	-0.078120
45.535038	0.226228	0.059190	2.114752	-0.107159	-0.065874	-0.076803
45.569233	0.222398	0.056843	2.112087	-0.111307	-0.067995	-0.076538
45.600498	0.218771	0.054634	2.109637	-0.115054	-0.069895	-0.075404
45.635670	0.214548	0.052076	2.106949	-0.119168	-0.071969	-0.074908
45.666935	0.210672	0.049741	2.104562	-0.122771	-0.073783	-0.073025
45.701130	0.206298	0.047119	2.102169	-0.126813	-0.075822	-0.062300
45.737278	0.201521	0.044271	2.100096	-0.130972	-0.077910	-0.051295
45.769520	0.197133	0.041667	2.098566	-0.134608	-0.079733	-0.040479
45.805668	0.192069	0.038674	2.097437	-0.138777	-0.081827	-0.019331
45.836933	0.187562	0.036022	2.097237	-0.142477	-0.083689	0.007542
45.869171	0.182790	0.033224	2.098082	-0.146384	-0.085655	0.043959
45.903366	0.177588	0.030187	2.100335	-0.150392	-0.087660	0.082292
45.937565	0.172249	0.027081	2.103898	-0.154279	-0.089584	0.121057
45.969803	0.167092	0.024092	2.108511	-0.157793	-0.091303	0.155803
46.003021	0.161663	0.020956	2.114304	-0.161092	-0.092895	0.182114
46.036240	0.156128	0.017769	2.120813	-0.164046	-0.094305	0.198082
46.068481	0.150677	0.014640	2.126952	-0.165593	-0.094964	0.159945
46.100723	0.145199	0.011502	2.130813	-0.165950	-0.094969	0.072571
46.133942	0.139551	0.008273	2.131468	-0.165928	-0.094737	-0.032572
46.165203	0.134237	0.005243	2.128788	-0.165890	-0.094479	-0.130286
46.201351	0.128090	0.001748	2.122005	-0.166045	-0.094268	-0.230953
46.232616	0.122769	-0.001269	2.113232	-0.166149	-0.094080	-0.314828
46.264858	0.117280	-0.004373	2.101387	-0.166204	-0.093888	-0.398310
46.300030	0.111291	-0.007753	2.085397	-0.166169	-0.093681	-0.487183
46.332272	0.105803	-0.010844	2.067966	-0.166105	-0.093524	-0.564248
46.368420	0.099650	-0.014307	2.045613	-0.166167	-0.093467	-0.638528
46.402615	0.093825	-0.017582	2.022164	-0.166387	-0.093527	-0.696236
46.434856	0.088323	-0.020674	1.998395	-0.166739	-0.093669	-0.739646
46.467098	0.082808	-0.023771	1.973376	-0.167227	-0.093884	-0.772382
46.501293	0.076938	-0.027066	1.945849	-0.167866	-0.094175	-0.796515
46.534512	0.071212	-0.030276	1.918479	-0.168601	-0.094512	-0.809764
46.566750	0.065629	-0.033405	1.891643	-0.169413	-0.094884	-0.813307
46.602901	0.059336	-0.036927	1.861605	-0.170412	-0.095339	-0.807205
46.634163	0.053862	-0.039988	1.835950	-0.171334	-0.095754	-0.793563
46.669334	0.047668	-0.043448	1.807781	-0.172424	-0.096237	-0.768982
46.704510	0.041434	-0.046925	1.780660	-0.173539	-0.096714	-0.735650
46.736748	0.035684	-0.050126	1.756987	-0.174564	-0.097138	-0.697510
46.768013	0.030076	-0.053245	1.735346	-0.175537	-0.097538	-0.653875
46.803185	0.023731	-0.056768	1.712806	-0.176575	-0.097967	-0.597392
46.837379	0.017528	-0.060207	1.692968	-0.177507	-0.098350	-0.535596
46.871574	0.011293	-0.063659	1.675422	-0.178375	-0.098688	-0.466815
46.905769	0.005029	-0.067121	1.660400	-0.179176	-0.098965	-0.391752
46.941917	-0.001622	-0.070791	1.647508	-0.179942	-0.099179	-0.305632
46.975136	-0.007757	-0.074169	1.638570	-0.180553	-0.099284	-0.221042
47.007378	-0.013729	-0.077447	1.632657	-0.180958	-0.099129	-0.140749
47.039619	-0.019709	-0.080712	1.629247	-0.181077	-0.098518	-0.069578
47.071861	-0.025689	-0.083950	1.628022	-0.180902	-0.097429	-0.008179
47.104099	-0.031657	-0.087144	1.628739	-0.180350	-0.095980	0.050236
47.137318	-0.037775	-0.090381	1.631471	-0.179120	-0.094246	0.107272
47.169559	-0.043661	-0.093463	1.635841	-0.177152	-0.092435	0.154299
47.201801	-0.049470	-0.096485	1.641607	-0.174541	-0.090577	0.192074
47.235020	-0.055356	-0.099534	1.648693	-0.171393	-0.088654	0.221907
47.271168	-0.061634	-0.102778	1.657371	-0.167672	-0.086570	0.244287
47.305363	-0.067443	-0.105776	1.666168	-0.164030	-0.084611	0.256019
47.337605	-0.072802	-0.108539	1.674700	-0.160570	-0.082769	0.259032
47.369846	-0.078048	-0.111242	1.683197	-0.157120	-0.080917	0.254241
47.403065	-0.083333	-0.113962	1.691656	-0.153583	-0.078991	0.241940
47.435303	-0.088348	-0.116539	1.699348	-0.150154	-0.077089	0.223115
47.470474	-0.093689	-0.119278	1.706889	-0.146388	-0.074956	0.194917
47.502716	-0.098466	-0.121720	1.712796	-0.142888	-0.072942	0.162606
47.534958	-0.103125	-0.124094	1.717533	-0.139321	-0.070884	0.124284
47.568176	-0.107801	-0.126470	1.720981	-0.135574	-0.068748	0.078661
47.600418	-0.112217	-0.128705	1.722747	-0.131881	-0.066691	0.028833
47.632660	-0.116510	-0.130874	1.722780	-0.128160	-0.064663	-0.026114
47.665874	-0.120805	-0.133038	1.720904	-0.124321	-0.062599	-0.081392
47.698116	-0.124848	-0.135072	1.717404	-0.120595	-0.060613	-0.127687
47.731335	-0.128885	-0.137099	1.712346	-0.116748	-0.058568	-0.166913
47.763577	-0.132678	-0.139000	1.706300	-0.112989	-0.056557	-0.196804
47.795818	-0.136345	-0.140833	1.699405	-0.109192	-0.054494	-0.218630
47.830990	-0.140203	-0.142754	1.691215	-0.105001	-0.052177	-0.234034
47.863232	-0.143605	-0.144441	1.683274	-0.101126	-0.050012	-0.247095
47.896446	-0.146977	-0.146104	1.674631	-0.097109	-0.047756	-0.259557
47.928688	-0.150118	-0.147644	1.665933	-0.093185	-0.045548	-0.265747
47.962883	-0.153308	-0.149197	1.656553	-0.089019	-0.043210	-0.269759
47.996101	-0.156267	-0.150629	1.647283	-0.084991	-0.040968	-0.275191
48.029320	-0.159089	-0.151984	1.637846	-0.080967	-0.038744	-0.278313
48.060585	-0.161620	-0.153190	1.628958	-0.077161	-0.036651	-0.275673
48.094780	-0.164247	-0.154433	1.619453	-0.072954	-0.034348	-0.266053
48.126041	-0.166520	-0.155498	1.611092	-0.069089	-0.032239	-0.257095
48.158283	-0.168735	-0.156526	1.602744	-0.065091	-0.030053	-0.247933
48.191502	-0.170878	-0.157509	1.594467	-0.060962	-0.027792	-0.239505
48.224720	-0.172880	-0.158416	1.586382	-0.056850	-0.025542	-0.236801
48.255985	-0.174637	-0.159199	1.578822	-0.052969	-0.023417	-0.234629
48.290180	-0.176416	-0.159977	1.570723	-0.048683	-0.021067	-0.226928
48.325352	-0.178088	-0.160691	1.562788	-0.044231	-0.018631	-0.212685
48.360523	-0.179599	-0.161318	1.555401	-0.039777	-0.016212	-0.198612
48.392765	-0.180844	-0.161816	1.549049	-0.035697	-0.014008	-0.185619
48.425007	-0.181954	-0.162241	1.543140	-0.031631	-0.011819	-0.173263
48.457245	-0.182930	-0.162595	1.537557	-0.027623	-0.009672	-0.166049
48.490463	-0.183799	-0.162886	1.531943	-0.023585	-0.007515	-0.164997
48.522705	-0.184512	-0.163099	1.526492	-0.019703	-0.005451	-0.164382
48.554947	-0.185097	-0.163244	1.521097	-0.015826	-0.003399	-0.162432
48.587189	-0.185554	-0.163322	1.515726	-0.011989	-0.001372	-0.163544
48.619427	-0.185886	-0.163333	1.510234	-0.008217	0.000624	-0.169764
48.657532	-0.186118	-0.163262	1.503443	-0.003791	0.002977	-0.177142
48.688793	-0.186180	-0.163135	1.497668	-0.000212	0.004887	-0.184046
48.723969	-0.186114	-0.162919	1.490878	0.003759	0.007004	-0.191814
48.755230	-0.185936	-0.162665	1.484623	0.007234	0.008846	-0.199211
48.787472	-0.185637	-0.162341	1.477905	0.010775	0.010712	-0.206659
48.821667	-0.185192	-0.161930	1.470599	0.014554	0.012691	-0.209309
48.852932	-0.184669	-0.161494	1.463871	0.017985	0.014473	-0.211381
48.886150	-0.183994	-0.160969	1.456572	0.021539	0.016306	-0.218230
48.918388	-0.183225	-0.160401	1.449179	0.024884	0.018029	-0.229977
48.950630	-0.182347	-0.159776	1.441369	0.028174	0.019742	-0.241896
48.982872	-0.181361	-0.159095	1.433182	0.031384	0.021445	-0.253977
49.016090	-0.180237	-0.158334	1.424324	0.034610	0.023197	-0.265520
49.049309	-0.179003	-0.157514	1.415091	0.037748	0.024936	-0.277317
49.081551	-0.177706	-0.156662	1.405740	0.040735	0.026611	-0.287821
49.113789	-0.176309	-0.155754	1.396118	0.043715	0.028297	-0.293593
49.147007	-0.174768	-0.154761	1.386106	0.046790	0.030042	-0.293802
49.179249	-0.173172	-0.153740	1.376413	0.049712	0.031689	-0.293600
49.212467	-0.171429	-0.152633	1.366423	0.052655	0.033333	-0.292821
49.243732	-0.169697	-0.151540	1.357061	0.055349	0.034832	-0.292365
49.275970	-0.167823	-0.150364	1.347404	0.058050	0.036341	-0.291756
49.309189	-0.165799	-0.149100	1.337548	0.060801	0.037900	-0.286724
49.341431	-0.163745	-0.147822	1.328228	0.063441	0.039425	-0.276971
49.373672	-0.161605	-0.146493	1.319311	0.066054	0.040963	-0.262509
49.407867	-0.159241	-0.145029	1.310468	0.068806	0.042610	-0.242043
49.439133	-0.156996	-0.143638	1.303081	0.071299	0.044138	-0.219120
49.471371	-0.154597	-0.142153	1.296306	0.073849	0.045748	-0.191202
49.504589	-0.152038	-0.140567	1.290366	0.076459	0.047443	-0.158136
49.536831	-0.149471	-0.138971	1.285687	0.078906	0.049075	-0.126813
49.570049	-0.146743	-0.137273	1.281863	0.081272	0.050686	-0.099725
49.602291	-0.144022	-0.135573	1.278936	0.083397	0.052159	-0.079140
49.634529	-0.141233	-0.133826	1.276644	0.085402	0.053567	-0.059840
49.668728	-0.138204	-0.131924	1.274904	0.087389	0.054978	-0.040801
49.702923	-0.135110	-0.129974	1.273740	0.089184	0.056268	-0.027055
49.736137	-0.132046	-0.128039	1.272974	0.090751	0.057403	-0.019134
49.773266	-0.128563	-0.125832	1.272317	0.092316	0.058545	-0.016586
49.804527	-0.125586	-0.123942	1.271754	0.093495	0.059423	-0.019318
49.838722	-0.122290	-0.121844	1.270945	0.094640	0.060316	-0.027558
49.870964	-0.119147	-0.119838	1.269836	0.095584	0.061101	-0.039964
49.904182	-0.115879	-0.117745	1.268187	0.096420	0.061854	-0.057205
49.937401	-0.112585	-0.115628	1.265876	0.097121	0.062546	-0.078727
49.968666	-0.109464	-0.113614	1.263012	0.097709	0.063175	-0.098849
50.003838	-0.105932	-0.111325	1.259046	0.098304	0.063849	-0.121101
50.036079	-0.102676	-0.109206	1.254709	0.098816	0.064434	-0.140199
50.068317	-0.099403	-0.107068	1.249769	0.099300	0.064976	-0.158723
50.101536	-0.096015	-0.104847	1.244041	0.099771	0.065490	-0.176667
50.133778	-0.092712	-0.102676	1.237969	0.100232	0.065979	-0.189715
50.166019	-0.089393	-0.100488	1.231550	0.100697	0.066464	-0.197795
50.199238	-0.085957	-0.098217	1.224743	0.101170	0.066960	-0.201244
50.231480	-0.082608	-0.095997	1.218104	0.101615	0.067450	-0.200008
50.264694	-0.079142	-0.093692	1.211388	0.102050	0.067970	-0.194024
50.297913	-0.075662	-0.091370	1.204900	0.102409	0.068474	-0.187935
50.329178	-0.072377	-0.089170	1.198928	0.102647	0.068902	-0.185752
50.365326	-0.068572	-0.086609	1.192081	0.102846	0.069360	-0.183533
50.396591	-0.065275	-0.084381	1.186275	0.102989	0.069737	-0.178426
50.429810	-0.061768	-0.082001	1.180359	0.103117	0.070112	-0.168760
50.462051	-0.058360	-0.079679	1.175000	0.103217	0.070440	-0.155429
50.496246	-0.054742	-0.077206	1.169873	0.103297	0.070746	-0.137037
50.528484	-0.051329	-0.074864	1.165692	0.103338	0.071000	-0.116098
50.564636	-0.047501	-0.072230	1.161906	0.103336	0.071247	-0.088405
50.596874	-0.044089	-0.069873	1.159405	0.103240	0.071408	-0.064426
50.628139	-0.040785	-0.067585	1.157667	0.103023	0.071486	-0.045467
50.662334	-0.037182	-0.065080	1.156371	0.102642	0.071484	-0.029828
50.693600	-0.033902	-0.062791	1.155592	0.102165	0.071406	-0.019906
50.725842	-0.030537	-0.060435	1.155046	0.101555	0.071255	-0.014140
50.759056	-0.027094	-0.058013	1.154602	0.100826	0.071039	-0.012741
50.792274	-0.023676	-0.055600	1.154129	0.100016	0.070768	-0.015687
50.824516	-0.020387	-0.053268	1.153505	0.099165	0.070461	-0.022548
50.859688	-0.016831	-0.050735	1.152490	0.098162	0.070084	-0.034239
50.890953	-0.013703	-0.048496	1.151173	0.097205	0.069711	-0.048146
50.925148	-0.010317	-0.046062	1.149155	0.096082	0.069262	-0.067207
50.957390	-0.007163	-0.043782	1.146580	0.094876	0.068794	-0.088624
50.989632	-0.004053	-0.041518	1.143283	0.093455	0.068291	-0.109813
51.022846	-0.000901	-0.039203	1.139220	0.091761	0.067757	-0.127616
51.055088	0.002099	-0.036974	1.134773	0.089937	0.067223	-0.140507
51.087330	0.005038	-0.034763	1.129933	0.088011	0.066649	-0.152496
51.120548	0.007998	-0.032506	1.124534	0.086016	0.066017	-0.163925
51.153767	0.010891	-0.030270	1.118808	0.084083	0.065362	-0.171618
51.186008	0.013638	-0.028122	1.113068	0.082290	0.064699	-0.175120
51.218246	0.016327	-0.025997	1.107277	0.080573	0.063954	-0.174840
51.253422	0.019197	-0.023710	1.101049	0.078764	0.062968	-0.170218
51.285660	0.021771	-0.021648	1.095551	0.077135	0.061887	-0.162260
51.316925	0.024216	-0.019685	1.090526	0.075566	0.060700	-0.151218
51.352097	0.026906	-0.017524	1.085364	0.073807	0.059259	-0.135101
51.383362	0.029245	-0.015648	1.081278	0.072230	0.057934	-0.121006
51.415604	0.031603	-0.013758	1.077479	0.070573	0.056565	-0.109974
51.448818	0.033974	-0.011857	1.073919	0.068832	0.055185	-0.099232
51.482037	0.036286	-0.010002	1.070722	0.067063	0.053855	-0.089432
51.513302	0.038406	-0.008297	1.067981	0.065386	0.052654	-0.082216
51.547497	0.040664	-0.006475	1.065249	0.063546	0.051391	-0.073540
51.579739	0.042733	-0.004797	1.062982	0.061802	0.050229	-0.063846
51.612957	0.044805	-0.003109	1.061012	0.059991	0.049036	-0.051758
51.645199	0.046757	-0.001509	1.059503	0.058225	0.047868	-0.040454
51.677437	0.048650	0.000052	1.058315	0.056461	0.046683	-0.032317
51.712608	0.050649	0.001711	1.057299	0.054538	0.045374	-0.023951
51.744850	0.052421	0.003189	1.056632	0.052783	0.044168	-0.017194
51.776115	0.054083	0.004584	1.056148	0.051090	0.043008	-0.013697
51.809334	0.055791	0.006027	1.055695	0.049297	0.041798	-0.013587
51.841576	0.057390	0.007388	1.055200	0.047549	0.040654	-0.016896
51.877724	0.059113	0.008870	1.054440	0.045568	0.039417	-0.024587
51.909966	0.060588	0.010154	1.053466	0.043786	0.038354	-0.034624
51.942204	0.062004	0.011403	1.052106	0.041996	0.037311	-0.047867
51.975422	0.063401	0.012654	1.050194	0.040159	0.036233	-0.064502
52.010593	0.064812	0.013938	1.047507	0.038234	0.035071	-0.084341
52.042835	0.066046	0.015078	1.044423	0.036477	0.033977	-0.101348
52.078983	0.067359	0.016313	1.040322	0.034505	0.032720	-0.119890
52.110249	0.068436	0.017343	1.036225	0.032796	0.031614	-0.134888
52.142490	0.069489	0.018368	1.031554	0.031036	0.030465	-0.146956
52.175709	0.070514	0.019384	1.026386	0.029246	0.029284	-0.155965
52.212833	0.071588	0.020472	1.020320	0.027292	0.027991	-0.162075
52.245075	0.072462	0.021378	1.014885	0.025646	0.026894	-0.167240
52.277317	0.073282	0.022248	1.009270	0.024041	0.025810	-0.172165
52.310535	0.074071	0.023107	1.003364	0.022409	0.024698	-0.174296
52.342773	0.074785	0.023905	0.997616	0.020833	0.023620	-0.173197
52.374039	0.075427	0.024644	0.992125	0.019314	0.022576	-0.169220
52.407257	0.076056	0.025393	0.986452	0.017717	0.021469	-0.164671
52.439499	0.076615	0.026084	0.981085	0.016183	0.020391	-0.159997
52.472717	0.077139	0.026758	0.975762	0.014622	0.019266	-0.152560
52.504955	0.077596	0.027376	0.970885	0.013128	0.018153	-0.142557
52.539150	0.078028	0.027990	0.966125	0.011555	0.016947	-0.129040
52.571392	0.078384	0.028530	0.962118	0.010083	0.015788	-0.113568
52.604610	0.078701	0.029046	0.958536	0.008594	0.014572	-0.097799
52.637829	0.078968	0.029521	0.955441	0.007130	0.013344	-0.085075
52.670071	0.079180	0.029941	0.952825	0.005717	0.012148	-0.073414
52.701332	0.079340	0.030311	0.950656	0.004353	0.011000	-0.062742
52.734550	0.079463	0.030664	0.948677	0.002917	0.009807	-0.054310
52.766792	0.079536	0.030969	0.946978	0.001539	0.008685	-0.049276
52.803921	0.079564	0.031275	0.945156	-0.000025	0.007453	-0.047230
52.835182	0.079541	0.031498	0.943631	-0.001325	0.006466	-0.048483
52.868401	0.079472	0.031700	0.941912	-0.002686	0.005443	-0.052922
52.902596	0.079354	0.031871	0.939931	-0.004056	0.004392	-0.060518
52.934837	0.079198	0.031999	0.937804	-0.005323	0.003384	-0.067654
52.967079	0.079001	0.032094	0.935453	-0.006554	0.002360	-0.074754
53.000298	0.078756	0.032156	0.932769	-0.007777	0.001298	-0.082692
53.032536	0.078480	0.032181	0.929894	-0.008914	0.000275	-0.091467
53.038399	0.078426	0.032182	0.929339	-0.009115	0.000092	-0.093202
53.074547	0.078065	0.032164	0.925712	-0.010337	-0.001032	-0.101967
53.107765	0.077694	0.032111	0.922141	-0.011446	-0.002047	-0.107194
53.139030	0.077310	0.032030	0.918637	-0.012458	-0.002973	-0.111720
53.172249	0.076868	0.031912	0.914752	-0.013491	-0.003918	-0.116061
53.204491	0.076406	0.031768	0.910880	-0.014472	-0.004813	-0.117847
53.236729	0.075911	0.031593	0.906967	-0.015429	-0.005702	-0.119350
53.270924	0.075353	0.031376	0.902758	-0.016433	-0.006660	-0.120522
53.302189	0.074811	0.031148	0.898882	-0.017350	-0.007555	-0.121791
53.334431	0.074222	0.030883	0.894806	-0.018285	-0.008487	-0.125339
53.368626	0.073564	0.030568	0.890305	-0.019256	-0.009460	-0.131876
53.400867	0.072912	0.030240	0.885838	-0.020150	-0.010353	-0.137999
53.432129	0.072253	0.029895	0.881352	-0.020984	-0.011194	-0.141568
53.466324	0.071502	0.029486	0.876366	-0.021847	-0.012082	-0.142546
53.497589	0.070790	0.029086	0.871793	-0.022576	-0.012856	-0.143221
53.529831	0.070032	0.028649	0.867047	-0.023270	-0.013617	-0.143803
53.563049	0.069229	0.028172	0.862175	-0.023940	-0.014373	-0.142146
53.595287	0.068427	0.027685	0.857512	-0.024536	-0.015073	-0.140495
53.627529	0.067608	0.027176	0.852897	-0.025078	-0.015746	-0.138681
53.661724	0.066719	0.026611	0.848107	-0.025615	-0.016456	-0.134449
53.695919	0.065813	0.026022	0.843478	-0.026122	-0.017152	-0.130285
53.728161	0.064942	0.025445	0.839238	-0.026578	-0.017783	-0.126225
53.760403	0.064057	0.024847	0.835139	-0.027002	-0.018391	-0.122409
53.794598	0.063103	0.024191	0.830888	-0.027407	-0.019012	-0.120790
53.829769	0.062108	0.023495	0.826558	-0.027789	-0.019636	-0.119218
53.861034	0.061213	0.022857	0.822763	-0.028112	-0.020177	-0.118095
53.897182	0.060165	0.022098	0.818408	-0.028471	-0.020786	-0.116793
53.930401	0.059190	0.021381	0.814451	-0.028782	-0.021327	-0.116112
53.961662	0.058264	0.020690	0.810714	-0.029055	-0.021814	-0.117612
53.994881	0.057270	0.019938	0.806647	-0.029324	-0.022308	-0.121678
54.028099	0.056268	0.019171	0.802429	-0.029562	-0.022794	-0.125739
54.059364	0.055318	0.018433	0.798365	-0.029751	-0.023254	-0.127528
54.092583	0.054302	0.017633	0.794029	-0.029918	-0.023732	-0.126892
54.125801	0.053281	0.016817	0.789758	-0.030058	-0.024184	-0.123737
54.157063	0.052317	0.016036	0.785850	-0.030156	-0.024574	-0.120668
54.190281	0.051289	0.015193	0.781770	-0.030214	-0.024953	-0.119501
54.222523	0.050291	0.014363	0.777836	-0.030237	-0.025298	-0.118464
54.256718	0.049231	0.013470	0.773706	-0.030240	-0.025634	-0.117639
54.289936	0.048202	0.012593	0.769686	-0.030226	-0.025924	-0.118991
54.322178	0.047204	0.011732	0.765727	-0.030201	-0.026184	-0.120398
54.354420	0.046207	0.010863	0.761727	-0.030160	-0.026431	-0.121964
54.386658	0.045212	0.009986	0.757671	-0.030102	-0.026671	-0.123281
54.418900	0.044219	0.009101	0.753603	-0.030026	-0.026909	-0.122703
54.452118	0.043199	0.008180	0.749471	-0.029920	-0.027150	-0.119742
54.484360	0.042213	0.007280	0.745597	-0.029787	-0.027377	-0.114631
54.517578	0.041202	0.006344	0.741819	-0.029625	-0.027598	-0.107192
54.550797	0.040197	0.005401	0.738332	-0.029442	-0.027795	-0.097610
54.583035	0.039227	0.004480	0.735294	-0.029250	-0.027958	-0.086305
54.619186	0.038148	0.003442	0.732376	-0.029029	-0.028104	-0.071345
54.653381	0.037135	0.002455	0.730130	-0.028805	-0.028204	-0.057663
54.685619	0.036188	0.001523	0.728410	-0.028564	-0.028267	-0.047234
54.717861	0.035249	0.000588	0.726991	-0.028292	-0.028317	-0.039336
54.753033	0.034235	-0.000433	0.725689	-0.027967	-0.028374	-0.033606
54.784298	0.033344	-0.001343	0.724663	-0.027638	-0.028439	-0.030905
54.819469	0.032356	-0.002370	0.723565	-0.027208	-0.028528	-0.030529
54.851711	0.031465	-0.003314	0.722556	-0.026764	-0.028626	-0.030263
54.883953	0.030589	-0.004261	0.721563	-0.026291	-0.028727	-0.030130
54.919125	0.029651	-0.005298	0.720449	-0.025757	-0.028820	-0.032042
54.951366	0.028809	-0.006251	0.719331	-0.025254	-0.028882	-0.035881
54.983604	0.027983	-0.007206	0.718052	-0.024745	-0.028916	-0.041749
55.016823	0.027150	-0.008190	0.716495	-0.024223	-0.028916	-0.049903
55.049065	0.026359	-0.009145	0.714709	-0.023728	-0.028885	-0.057711
55.084236	0.025513	-0.010185	0.712504	-0.023201	-0.028817	-0.064045
55.116478	0.024755	-0.011135	0.710298	-0.022730	-0.028720	-0.069577
55.147743	0.024034	-0.012053	0.707981	-0.022285	-0.028601	-0.074661
55.180962	0.023284	-0.013024	0.705373	-0.021828	-0.028466	-0.078114
55.215157	0.022528	-0.014019	0.702579	-0.021367	-0.028328	-0.081531
55.247395	0.021829	-0.014953	0.699810	-0.020920	-0.028197	-0.086325
55.280613	0.021126	-0.015910	0.696781	-0.020432	-0.028061	-0.091269
55.316765	0.020380	-0.016946	0.693331	-0.019869	-0.027913	-0.094511
55.348026	0.019751	-0.017838	0.690264	-0.019363	-0.027758	-0.097186
55.380268	0.019121	-0.018752	0.687004	-0.018836	-0.027553	-0.099864
55.413486	0.018489	-0.019685	0.683582	-0.018295	-0.027292	-0.100802
55.445728	0.017894	-0.020581	0.680265	-0.017770	-0.026992	-0.099695
55.480900	0.017264	-0.021547	0.676729	-0.017194	-0.026625	-0.096285
55.512161	0.016722	-0.022395	0.673720	-0.016683	-0.026287	-0.091406
55.545380	0.016163	-0.023283	0.670707	-0.016148	-0.025942	-0.086052
55.577621	0.015639	-0.024135	0.667951	-0.015640	-0.025643	-0.080751
55.610840	0.015115	-0.025003	0.665297	-0.015130	-0.025372	-0.075613
55.643082	0.014624	-0.025837	0.662859	-0.014646	-0.025130	-0.072439
55.676300	0.014134	-0.026688	0.660443	-0.014151	-0.024873	-0.069417
55.707561	0.013688	-0.027480	0.658266	-0.013683	-0.024594	-0.066836
55.740780	0.013232	-0.028311	0.656014	-0.013174	-0.024239	-0.065877
55.773998	0.012793	-0.029129	0.653782	-0.012647	-0.023823	-0.065086
55.805264	0.012396	-0.029885	0.651711	-0.012139	-0.023380	-0.064512
55.839458	0.011981	-0.030694	0.649436	-0.011577	-0.022854	-0.065653
55.872677	0.011596	-0.031463	0.647178	-0.011039	-0.022328	-0.066777
55.903938	0.011251	-0.032170	0.645041	-0.010543	-0.021841	-0.066365
55.942043	0.010851	-0.033011	0.642464	-0.009946	-0.021266	-0.065904
55.975262	0.010522	-0.033726	0.640231	-0.009423	-0.020783	-0.065083
56.007504	0.010219	-0.034405	0.638118	-0.008909	-0.020330	-0.062568
56.040722	0.009925	-0.035089	0.636039	-0.008381	-0.019879	-0.059898
56.072960	0.009657	-0.035739	0.634104	-0.007875	-0.019459	-0.057191
56.105202	0.009405	-0.036375	0.632260	-0.007374	-0.019059	-0.054727
56.137444	0.009170	-0.036998	0.630472	-0.006873	-0.018675	-0.053920
56.170662	0.008945	-0.037626	0.628624	-0.006358	-0.018288	-0.054971
56.201923	0.008750	-0.038206	0.626840	-0.005879	-0.017925	-0.056135
56.237099	0.008548	-0.038845	0.624795	-0.005348	-0.017517	-0.057554
56.271294	0.008370	-0.039451	0.622755	-0.004845	-0.017118	-0.058600
56.303532	0.008217	-0.040010	0.620809	-0.004385	-0.016738	-0.059363
56.335773	0.008080	-0.040556	0.618819	-0.003938	-0.016348	-0.061294
56.368992	0.007954	-0.041106	0.616673	-0.003487	-0.015937	-0.065026
56.402210	0.007843	-0.041641	0.614391	-0.003041	-0.015517	-0.068713
56.434452	0.007750	-0.042146	0.612062	-0.002608	-0.015100	-0.072396
56.469624	0.007665	-0.042682	0.609380	-0.002121	-0.014636	-0.076127
56.503819	0.007600	-0.043186	0.606649	-0.001616	-0.014176	-0.079876
56.538013	0.007553	-0.043675	0.603784	-0.001084	-0.013704	-0.083341
56.573185	0.007524	-0.044159	0.600717	-0.000524	-0.013193	-0.086987
56.604450	0.007515	-0.044574	0.597877	-0.000029	-0.012713	-0.089992
56.636688	0.007523	-0.044985	0.594874	0.000480	-0.012196	-0.091488
56.671864	0.007551	-0.045414	0.591553	0.001035	-0.011618	-0.092969
56.706059	0.007597	-0.045811	0.588250	0.001571	-0.011057	-0.095798
56.739273	0.007659	-0.046178	0.584939	0.002083	-0.010525	-0.098441
56.771515	0.007736	-0.046517	0.581647	0.002567	-0.010028	-0.101009
56.803757	0.007829	-0.046840	0.578267	0.003037	-0.009559	-0.103378
56.836975	0.007941	-0.047157	0.574726	0.003512	-0.009114	-0.104331
56.868240	0.008060	-0.047443	0.571391	0.003952	-0.008735	-0.103621
56.901459	0.008203	-0.047734	0.567903	0.004410	-0.008363	-0.101116
56.933697	0.008356	-0.048004	0.564610	0.004830	-0.008015	-0.098577
56.965939	0.008522	-0.048263	0.561395	0.005218	-0.007667	-0.095964
56.999157	0.008706	-0.048517	0.558195	0.005582	-0.007296	-0.091953
57.031399	0.008896	-0.048752	0.555245	0.005909	-0.006913	-0.086552
57.063641	0.009097	-0.048973	0.552481	0.006226	-0.006506	-0.081150
57.098812	0.009328	-0.049199	0.549641	0.006591	-0.006037	-0.076894
57.130074	0.009545	-0.049385	0.547235	0.006947	-0.005603	-0.073311
57.162315	0.009781	-0.049563	0.544893	0.007346	-0.005150	-0.068374
57.195534	0.010038	-0.049730	0.542657	0.007779	-0.004689	-0.063347
57.227776	0.010303	-0.049877	0.540646	0.008205	-0.004258	-0.058396
57.260994	0.010590	-0.050015	0.538747	0.008645	-0.003840	-0.053574
57.294212	0.010891	-0.050139	0.537005	0.009080	-0.003449	-0.048783
57.325474	0.011189	-0.050243	0.535516	0.009475	-0.003104	-0.044512
57.331337	0.011246	-0.050262	0.535251	0.009547	-0.003042	-0.043812
57.366508	0.011598	-0.050365	0.533762	0.009961	-0.002666	-0.038788
57.398750	0.011933	-0.050447	0.532565	0.010310	-0.002308	-0.033866
57.430992	0.012279	-0.050516	0.531519	0.010627	-0.001927	-0.029821
57.466164	0.012668	-0.050578	0.530500	0.010941	-0.001479	-0.027135
57.497429	0.013023	-0.050618	0.529664	0.011204	-0.001044	-0.024932
57.529667	0.013397	-0.050644	0.528881	0.011470	-0.000563	-0.022779
57.563862	0.013804	-0.050655	0.528102	0.011746	-0.000034	-0.021997
57.598057	0.014221	-0.050646	0.527320	0.012019	0.000483	-0.022895
57.630299	0.014622	-0.050623	0.526527	0.012269	0.000937	-0.025358
57.663517	0.015044	-0.050583	0.525597	0.012529	0.001365	-0.029451
57.695759	0.015462	-0.050531	0.524536	0.012793	0.001746	-0.034858
57.728001	0.015890	-0.050468	0.523289	0.013072	0.002107	-0.040264
57.763172	0.016366	-0.050384	0.521752	0.013378	0.002493	-0.044631
57.798344	0.016854	-0.050287	0.520069	0.013649	0.002881	-0.048856
57.830585	0.017308	-0.050186	0.518373	0.013847	0.003237	-0.053941
57.862823	0.017768	-0.050073	0.516484	0.014009	0.003587	-0.060429
57.896042	0.018248	-0.049945	0.514291	0.014171	0.003930	-0.068442
57.927307	0.018705	-0.049814	0.511958	0.014338	0.004232	-0.077193
57.960526	0.019196	-0.049665	0.509165	0.014537	0.004538	-0.086424
57.992767	0.019680	-0.049510	0.506173	0.014752	0.004828	-0.094380
58.028915	0.020231	-0.049325	0.502530	0.015007	0.005147	-0.101787
58.060181	0.020715	-0.049156	0.499186	0.015227	0.005422	-0.106614
58.092419	0.021222	-0.048972	0.495603	0.015452	0.005707	-0.109904
58.125637	0.021752	-0.048772	0.491828	0.015689	0.006004	-0.111578
58.157879	0.022274	-0.048569	0.488137	0.015918	0.006296	-0.111638
58.190121	0.022804	-0.048356	0.484469	0.016133	0.006592	-0.110221
58.224316	0.023373	-0.048119	0.480659	0.016336	0.006915	-0.107116
58.258511	0.023948	-0.047871	0.476984	0.016512	0.007245	-0.102533
58.290752	0.024496	-0.047626	0.473690	0.016668	0.007552	-0.096816
58.323971	0.025066	-0.047364	0.470518	0.016822	0.007858	-0.089596
58.356209	0.025625	-0.047100	0.467694	0.016965	0.008143	-0.081367
58.393337	0.026273	-0.046784	0.464809	0.017126	0.008454	-0.070415
58.427532	0.026876	-0.046483	0.462521	0.017274	0.008715	-0.060739
58.461727	0.027484	-0.046173	0.460542	0.017419	0.008938	-0.052751
58.495922	0.028097	-0.045857	0.458829	0.017569	0.009123	-0.045112
58.528160	0.028679	-0.045553	0.457474	0.017713	0.009277	-0.036995
58.565289	0.029356	-0.045197	0.456249	0.017857	0.009444	-0.027891
58.597530	0.029947	-0.044882	0.455442	0.017943	0.009593	-0.021457
58.628792	0.030523	-0.044572	0.454836	0.017987	0.009746	-0.016776
58.662010	0.031136	-0.044238	0.454329	0.017999	0.009920	-0.013440
58.694252	0.031730	-0.043907	0.453918	0.017989	0.010099	-0.011724
58.726494	0.032324	-0.043570	0.453554	0.017978	0.010277	-0.010248
58.762642	0.032990	-0.043186	0.453204	0.017972	0.010466	-0.008883
58.793907	0.033565	-0.042848	0.452923	0.017974	0.010622	-0.008934
58.826145	0.034159	-0.042494	0.452607	0.017982	0.010780	-0.010387
58.859364	0.034771	-0.042125	0.452223	0.017995	0.010933	-0.011976
58.891605	0.035366	-0.041761	0.451802	0.018008	0.011061	-0.013622
58.924824	0.035979	-0.041383	0.451292	0.018015	0.011169	-0.016494
58.957066	0.036574	-0.041013	0.450697	0.018019	0.011251	-0.019245
58.989307	0.037170	-0.040640	0.450030	0.018020	0.011308	-0.020838
59.021545	0.037765	-0.040266	0.449320	0.018020	0.011336	-0.022294
59.054764	0.038378	-0.039880	0.448520	0.018016	0.011333	-0.024840
59.087006	0.038973	-0.039506	0.447654	0.018014	0.011306	-0.027322
59.119247	0.039568	-0.039133	0.446718	0.018018	0.011279	-0.029292
59.152466	0.040181	-0.038749	0.445680	0.018013	0.011282	-0.031846
59.184708	0.040776	-0.038376	0.444584	0.017994	0.011319	-0.034237
59.220856	0.041442	-0.037956	0.443267	0.017967	0.011380	-0.036996
59.253098	0.042035	-0.037579	0.441997	0.017949	0.011431	-0.039803
59.289246	0.042700	-0.037155	0.440474	0.017939	0.011474	-0.042133
59.320511	0.043274	-0.036787	0.439093	0.017926	0.011494	-0.044165
59.355682	0.043920	-0.036372	0.437457	0.017887	0.011493	-0.046393
59.387920	0.044509	-0.035993	0.435891	0.017805	0.011447	-0.048552
59.421139	0.045113	-0.035606	0.434199	0.017667	0.011327	-0.050652
59.454357	0.045711	-0.035224	0.432455	0.017499	0.011129	-0.051558
59.485622	0.046269	-0.034871	0.430807	0.017350	0.010884	-0.051160
59.517864	0.046840	-0.034516	0.429142	0.017229	0.010594	-0.049469
59.554989	0.047494	-0.034120	0.427302	0.017140	0.010248	-0.047496
59.586254	0.048042	-0.033796	0.425808	0.017086	0.009972	-0.045703
59.618492	0.048605	-0.033472	0.424345	0.017017	0.009715	-0.042760
59.651711	0.049183	-0.033145	0.422945	0.016912	0.009482	-0.039731
59.683952	0.049739	-0.032835	0.421667	0.016773	0.009285	-0.037912
59.719124	0.050340	-0.032504	0.420333	0.016593	0.009103	-0.036071
59.751366	0.050885	-0.032206	0.419169	0.016428	0.008960	-0.034623
59.783607	0.051426	-0.031912	0.418033	0.016291	0.008829	-0.034365
59.816826	0.051978	-0.031614	0.416864	0.016174	0.008695	-0.034214
59.849068	0.052510	-0.031329	0.415736	0.016066	0.008562	-0.034210
59.881306	0.053039	-0.031049	0.414591	0.015949	0.008422	-0.035299
59.917458	0.053627	-0.030740	0.413257	0.015799	0.008251	-0.036553
59.949696	0.054147	-0.030470	0.412030	0.015652	0.008076	-0.037861
59.981937	0.054661	-0.030207	0.410755	0.015494	0.007876	-0.039117
60.016132	0.055201	-0.029935	0.409378	0.015325	0.007636	-0.039293
60.047398	0.055689	-0.029694	0.408120	0.015166	0.007399	-0.039401
60.080616	0.056202	-0.029447	0.406762	0.014990	0.007138	-0.040576
60.112858	0.056694	-0.029216	0.405386	0.014821	0.006895	-0.042883
60.146072	0.057196	-0.028985	0.403881	0.014659	0.006679	-0.045300
60.177338	0.057663	-0.028774	0.402393	0.014525	0.006513	-0.047666
60.210556	0.058155	-0.028555	0.400727	0.014402	0.006380	-0.050034
60.243774	0.058644	-0.028339	0.398998	0.014295	0.006287	-0.051298
60.275040	0.059100	-0.028139	0.397339	0.014201	0.006225	-0.052402
60.308254	0.059581	-0.027928	0.395535	0.014094	0.006173	-0.053401
60.341473	0.060059	-0.027719	0.393701	0.013965	0.006122	-0.054532
60.373714	0.060518	-0.027517	0.391867	0.013813	0.006065	-0.056641
60.405956	0.060971	-0.027318	0.389957	0.013639	0.005999	-0.058796
60.441128	0.061459	-0.027103	0.387812	0.013436	0.005913	-0.059957
60.472393	0.061886	-0.026916	0.385891	0.013256	0.005816	-0.059806
60.504635	0.062321	-0.026726	0.383935	0.013082	0.005689	-0.058454
60.537849	0.062763	-0.026535	0.381973	0.012924	0.005527	-0.056987
60.570091	0.063188	-0.026355	0.380114	0.012799	0.005349	-0.055476
60.603310	0.063622	-0.026176	0.378268	0.012689	0.005155	-0.052911
60.636528	0.064052	-0.026004	0.376514	0.012581	0.004963	-0.050394
60.667793	0.064453	-0.025848	0.374925	0.012474	0.004795	-0.049024
60.701988	0.064888	-0.025683	0.373230	0.012349	0.004635	-0.047662
60.734226	0.065294	-0.025532	0.371677	0.012224	0.004507	-0.046618
60.768421	0.065719	-0.025377	0.370061	0.012086	0.004397	-0.045496
60.800663	0.066116	-0.025233	0.368576	0.011955	0.004309	-0.044605
60.832905	0.066509	-0.025092	0.367116	0.011823	0.004223	-0.043682
60.866123	0.066909	-0.024950	0.365659	0.011688	0.004131	-0.041819
60.898365	0.067293	-0.024815	0.364311	0.011555	0.004036	-0.039990
60.930607	0.067672	-0.024683	0.363007	0.011411	0.003935	-0.039170
60.963821	0.068058	-0.024551	0.361684	0.011250	0.003825	-0.038451
60.996063	0.068427	-0.024427	0.360426	0.011086	0.003712	-0.037900
61.028305	0.068790	-0.024306	0.359173	0.010913	0.003595	-0.038111
61.062500	0.069169	-0.024183	0.357820	0.010725	0.003465	-0.039286
61.094742	0.069520	-0.024070	0.356501	0.010548	0.003338	-0.040393
61.126984	0.069866	-0.023962	0.355149	0.010375	0.003214	-0.041534
61.161179	0.070226	-0.023852	0.353657	0.010201	0.003092	-0.043754
61.193417	0.070561	-0.023751	0.352174	0.010058	0.002995	-0.045833
61.226635	0.070901	-0.023651	0.350579	0.009935	0.002914	-0.047993
61.260830	0.071247	-0.023550	0.348859	0.009822	0.002850	-0.049974
61.294048	0.071579	-0.023454	0.347139	0.009711	0.002804	-0.050861
61.326290	0.071898	-0.023362	0.345448	0.009598	0.002764	-0.051603
61.360485	0.072232	-0.023266	0.343626	0.009472	0.002702	-0.052237
61.392727	0.072543	-0.023178	0.341891	0.009352	0.002602	-0.052932
61.424969	0.072850	-0.023095	0.340118	0.009235	0.002451	-0.054577
61.459164	0.073171	-0.023013	0.338171	0.009115	0.002242	-0.056347
61.490425	0.073461	-0.022944	0.336340	0.009010	0.002016	-0.058055
61.523643	0.073766	-0.022880	0.334332	0.008904	0.001748	-0.059754
61.555885	0.074058	-0.022827	0.332343	0.008806	0.001469	-0.060468
61.588127	0.074348	-0.022784	0.330337	0.008712	0.001183	-0.061067
61.622322	0.074651	-0.022748	0.328187	0.008612	0.000886	-0.061539
61.654564	0.074934	-0.022723	0.326159	0.008505	0.000621	-0.061077
61.686802	0.075213	-0.022707	0.324153	0.008383	0.000374	-0.060520
61.720997	0.075504	-0.022698	0.322043	0.008250	0.000132	-0.059798
61.753239	0.075775	-0.022697	0.320092	0.008138	-0.000078	-0.058193
61.784504	0.076034	-0.022703	0.318267	0.008050	-0.000266	-0.055675
61.817722	0.076307	-0.022715	0.316433	0.007982	-0.000453	-0.052001
61.850941	0.076577	-0.022734	0.314730	0.007929	-0.000638	-0.048373
61.882202	0.076830	-0.022757	0.313224	0.007883	-0.000812	-0.045904
61.915421	0.077098	-0.022788	0.311691	0.007829	-0.000999	-0.044466
61.948639	0.077363	-0.022826	0.310198	0.007770	-0.001188	-0.043181
61.980881	0.077619	-0.022868	0.308792	0.007714	-0.001373	-0.042074
62.013123	0.077873	-0.022916	0.307408	0.007668	-0.001560	-0.041926
62.047318	0.078141	-0.022975	0.305938	0.007638	-0.001761	-0.041849
62.084442	0.078431	-0.023046	0.304346	0.007622	-0.001981	-0.042018
62.116684	0.078683	-0.023115	0.302956	0.007608	-0.002173	-0.042018
62.148926	0.078934	-0.023190	0.301581	0.007586	-0.002359	-0.041088
62.183121	0.079199	-0.023276	0.300162	0.007553	-0.002543	-0.040058
62.214382	0.079440	-0.023360	0.298884	0.007511	-0.002698	-0.039938
62.246624	0.079687	-0.023451	0.297552	0.007458	-0.002845	-0.040842
62.280819	0.079948	-0.023554	0.296101	0.007395	-0.002987	-0.041854
62.313061	0.080191	-0.023654	0.294702	0.007331	-0.003108	-0.042926
62.345303	0.080432	-0.023759	0.293253	0.007263	-0.003217	-0.044902
62.378517	0.080678	-0.023870	0.291675	0.007190	-0.003318	-0.047923
62.410759	0.080914	-0.023981	0.290029	0.007126	-0.003411	-0.051802
62.443001	0.081149	-0.024096	0.288238	0.007079	-0.003508	-0.056654
62.476219	0.081389	-0.024217	0.286209	0.007054	-0.003615	-0.062578
62.508461	0.081622	-0.024338	0.284043	0.007050	-0.003730	-0.068261
62.540703	0.081855	-0.024464	0.281705	0.007060	-0.003853	-0.072905
62.573917	0.082096	-0.024597	0.279157	0.007079	-0.003990	-0.076512
62.606159	0.082330	-0.024731	0.276587	0.007111	-0.004130	-0.078871
62.639378	0.082573	-0.024874	0.273865	0.007164	-0.004275	-0.081104
62.671619	0.082811	-0.025018	0.271139	0.007234	-0.004406	-0.084020
62.707767	0.083080	-0.025184	0.267963	0.007328	-0.004530	-0.087218
62.740009	0.083324	-0.025335	0.265034	0.007420	-0.004618	-0.090152
62.772251	0.083571	-0.025488	0.261995	0.007513	-0.004685	-0.093889
62.808399	0.083851	-0.025663	0.258421	0.007623	-0.004738	-0.099145
62.839664	0.084097	-0.025815	0.255170	0.007729	-0.004774	-0.103581
62.871902	0.084354	-0.025974	0.251684	0.007857	-0.004809	-0.107130
62.906097	0.084632	-0.026143	0.247868	0.008020	-0.004852	-0.110701
62.938339	0.084900	-0.026304	0.244156	0.008203	-0.004906	-0.113822
62.970581	0.085175	-0.026467	0.240346	0.008409	-0.004972	-0.116894
62.970581	0.085175	-0.026467	0.240346	0.008409	-0.004972	-0.116894
63.003799	0.085465	-0.026638	0.236339	0.008637	-0.005049	-0.117715
63.036041	0.085754	-0.026806	0.232477	0.008863	-0.005129	-0.116000
63.069260	0.086060	-0.026982	0.228567	0.009083	-0.005216	-0.113784
63.101498	0.086363	-0.027156	0.224846	0.009267	-0.005302	-0.111604
63.133739	0.086672	-0.027332	0.221196	0.009416	-0.005382	-0.109471
63.165981	0.086985	-0.027511	0.217615	0.009537	-0.005439	-0.107398
63.199200	0.087311	-0.027697	0.213996	0.009639	-0.005461	-0.105327
63.231441	0.087631	-0.027877	0.210550	0.009727	-0.005434	-0.103379
63.263680	0.087954	-0.028055	0.207168	0.009814	-0.005360	-0.101489
63.297874	0.088299	-0.028241	0.203647	0.009910	-0.005242	-0.099547
63.329140	0.088618	-0.028407	0.200487	0.010002	-0.005106	-0.097825
63.361382	0.088950	-0.028573	0.197285	0.010103	-0.004943	-0.096103
63.394600	0.089296	-0.028738	0.194045	0.010220	-0.004759	-0.094382
63.426842	0.089636	-0.028892	0.190955	0.010350	-0.004571	-0.092764
63.460056	0.089991	-0.029044	0.187826	0.010498	-0.004373	-0.091148
63.493275	0.090351	-0.029189	0.184751	0.010652	-0.004175	-0.089582
63.524540	0.090694	-0.029320	0.181906	0.010784	-0.003989	-0.088153
63.556782	0.091052	-0.029448	0.179018	0.010886	-0.003798	-0.086722
63.590000	0.091424	-0.029574	0.176092	0.010945	-0.003603	-0.085293
63.622238	0.091786	-0.029690	0.173297	0.010965	-0.003416	-0.083948
63.654480	0.092148	-0.029800	0.170546	0.010973	-0.003229	-0.082643
63.687698	0.092522	-0.029906	0.167757	0.011003	-0.003039	-0.081341
63.719940	0.092887	-0.030003	0.165091	0.011072	-0.002857	-0.080115
63.752182	0.093254	-0.030095	0.162465	0.011178	-0.002683	-0.078927
63.785400	0.093637	-0.030183	0.159799	0.011317	-0.002516	-0.077741
63.817638	0.094013	-0.030264	0.157250	0.011467	-0.002366	-0.076625
63.850857	0.094406	-0.030342	0.154662	0.011619	-0.002225	-0.075510
63.883099	0.094792	-0.030413	0.152186	0.011744	-0.002100	-0.074461
63.915340	0.095182	-0.030480	0.149743	0.011837	-0.001986	-0.073443
63.947582	0.095574	-0.030544	0.147334	0.011911	-0.001882	-0.072455
63.980801	0.095981	-0.030606	0.144886	0.011983	-0.001776	-0.071469
64.013039	0.096378	-0.030663	0.142541	0.012058	-0.001670	-0.070542
64.045280	0.096778	-0.030717	0.140226	0.012145	-0.001556	-0.069642
64.078499	0.097193	-0.030767	0.137872	0.012244	-0.001414	-0.068744
64.110741	0.097599	-0.030811	0.135615	0.012347	-0.001229	-0.067899
64.142982	0.098009	-0.030848	0.133386	0.012454	-0.000993	-0.067079
64.176201	0.098435	-0.030876	0.131118	0.012559	-0.000704	-0.066260
64.209419	0.098864	-0.030895	0.128877	0.012651	-0.000389	-0.065467
64.240685	0.099270	-0.030902	0.126792	0.012730	-0.000092	-0.064743
64.274879	0.099718	-0.030900	0.124537	0.012811	0.000216	-0.063975
64.306137	0.100129	-0.030889	0.122499	0.012882	0.000476	-0.063294
64.338379	0.100556	-0.030869	0.120420	0.012957	0.000715	-0.062614
64.371597	0.100998	-0.030841	0.118301	0.013033	0.000924	-0.061934
64.403839	0.101430	-0.030807	0.116266	0.013108	0.001086	-0.061294
64.436081	0.101864	-0.030769	0.114252	0.013182	0.001211	-0.060673
64.471252	0.102341	-0.030724	0.112078	0.013260	0.001314	-0.060017
64.502518	0.102767	-0.030680	0.110165	0.013328	0.001389	-0.059452
64.534760	0.103208	-0.030633	0.108211	0.013395	0.001462	-0.058887
64.567978	0.103665	-0.030582	0.106216	0.013463	0.001545	-0.058323
64.600220	0.104111	-0.030529	0.104299	0.013531	0.001648	-0.057791
64.632462	0.104559	-0.030473	0.102399	0.013599	0.001784	-0.057276
64.665672	0.105023	-0.030409	0.100458	0.013672	0.001959	-0.056762
64.697914	0.105476	-0.030341	0.098592	0.013747	0.002160	-0.056278
64.730156	0.105932	-0.030266	0.096741	0.013823	0.002378	-0.055809
64.764351	0.106417	-0.030178	0.094794	0.013902	0.002608	-0.055326
64.795616	0.106864	-0.030092	0.093029	0.013969	0.002805	-0.054899
64.827858	0.107326	-0.029996	0.091223	0.014029	0.002993	-0.054471
64.862053	0.107819	-0.029888	0.089322	0.014087	0.003175	-0.054031
64.894295	0.108285	-0.029780	0.087544	0.014139	0.003329	-0.053630
64.925560	0.108739	-0.029671	0.085833	0.014189	0.003464	-0.053252
64.958778	0.109223	-0.029551	0.084027	0.014243	0.003592	-0.052863
64.991997	0.109708	-0.029427	0.082235	0.014297	0.003705	-0.052485
65.023254	0.110167	-0.029306	0.080559	0.014348	0.003798	-0.052141
65.056473	0.110656	-0.029176	0.078791	0.014392	0.003891	-0.051787
65.091644	0.111175	-0.029033	0.076932	0.014409	0.004000	-0.051423
65.124863	0.111666	-0.028895	0.075187	0.014393	0.004129	-0.051090
65.156128	0.112126	-0.028760	0.073556	0.014353	0.004275	-0.050786
65.189346	0.112613	-0.028612	0.071833	0.014297	0.004443	-0.050473
65.221588	0.113085	-0.028462	0.070171	0.014240	0.004609	-0.050178
65.253830	0.113554	-0.028307	0.068518	0.014194	0.004767	-0.049892
65.288025	0.114051	-0.028138	0.066775	0.014172	0.004918	-0.049599
65.320267	0.114519	-0.027973	0.065141	0.014183	0.005043	-0.049331
65.356415	0.115045	-0.027784	0.063320	0.014227	0.005161	-0.049040
65.387680	0.115502	-0.027617	0.061753	0.014279	0.005245	-0.048797
65.419922	0.115975	-0.027443	0.060145	0.014336	0.005315	-0.048553
65.453140	0.116463	-0.027261	0.058497	0.014386	0.005370	-0.048310
65.486359	0.116954	-0.027077	0.056857	0.014411	0.005408	-0.048074
65.520554	0.117458	-0.026887	0.055177	0.014408	0.005433	-0.047839
65.555725	0.117977	-0.026691	0.053458	0.014374	0.005443	-0.047605
65.586990	0.118437	-0.026517	0.051936	0.014325	0.005442	-0.047403
65.619225	0.118909	-0.026337	0.050374	0.014268	0.005444	-0.047200
65.652443	0.119394	-0.026152	0.048771	0.014219	0.005462	-0.046998
65.684685	0.119863	-0.025971	0.047222	0.014193	0.005499	-0.046808
65.717903	0.120346	-0.025783	0.045632	0.014198	0.005558	-0.046619
65.750145	0.120815	-0.025598	0.044095	0.014227	0.005636	-0.046441
65.787270	0.121358	-0.025381	0.042332	0.014284	0.005746	-0.046243
65.819511	0.121830	-0.025190	0.040808	0.014340	0.005852	-0.046077
65.851753	0.122305	-0.024995	0.039288	0.014388	0.005956	-0.045915
65.885948	0.122810	-0.024784	0.037683	0.014414	0.006055	-0.045749	-0.011659	-0.007911	2.515194	80.000000	60.000000	130	120	240	240	0.717500	-4.000000	41.863472	44.008965	46.003021	62.938339	65.885948	5	-0.000140	0.000073	1.570534
t_reinits	53.334431	56.901459	59.355682	62.280819	62.938339